{
  "type": "minecraft:jigsaw",
  "biomes": "#minecraft:has_structure/nether_fortress",
  "step": "underground_decoration",
  "spawn_overrides": {
    "monster": {
      "bounding_box": "piece",
      "spawns": [
        {
          "type": "minecraft:blaze",
          "weight": 10,
          "minCount": 2,
          "maxCount": 3
        },
        {
          "type": "minecraft:zombified_piglin",
          "weight": 5,
          "minCount": 4,
          "maxCount": 4
        },
        {
          "type": "minecraft:wither_skeleton",
          "weight": 8,
          "minCount": 5,
          "maxCount": 5
        },
        {
          "type": "minecraft:skeleton",
          "weight": 2,
          "minCount": 5,
          "maxCount": 5
        },
        {
          "type": "minecraft:magma_cube",
          "weight": 3,
          "minCount": 4,
          "maxCount": 4
        }
      ]
    }
  },
  "start_pool": "minecraft:fortress_sandwich_pool",
  "size": 1,
  "start_height": {
    "type": "minecraft:trapezoid",
    "min_inclusive": {
      "absolute": 32
    },
    "max_inclusive": {
      "absolute": 48
    }
  },
  "max_distance_from_center": 80,
  "use_expansion_hack": false
}
