{
  "type": "minecraft:end_spike",
  "config": {
    "crystal_invulnerable": false,
    "spikes": [
      {
        "height": 384
      },
      {
        "height": 384
      },
      {
        "height": 384
      },
      {
        "height": 384
      },
      {
        "height": 384
      },
      {
        "height": 384
      },
      {
        "height": 384
      },
      {
        "height": 384
      },
      {
        "height": 384
      },
      {
        "height": 384
      }
    ]
  }
}
