{
  "display": {
    "icon": {
      "item": "minecraft:dead_bush"
    },
    "title": {
      "translate": "POV: You are a GIGACHAD"
    },
    "description": {
      "translate": "Be a GIGACHAD and collect the dead bush.",
      "color": "dark_purple"
    },
    "frame": "challenge",
    "show_toast": true,
    "announce_to_chat": true,
    "hidden": true
  },
  "parent": "minecraft:story/smelt_iron",
  "criteria": {
    "Dead Bush": {
      "trigger": "minecraft:inventory_changed",
      "conditions": {
        "items": [
          {
            "items": [
              "minecraft:dead_bush"
            ]
          }
        ]
      }
    }
  },
  "requirements": [
    [
      "Dead Bush"
    ]
  ]
}
